<?xml  version="1.0" encoding="UTF-8"?>
<beans xmlns="http://www.springframework.org/schema/beans"
	xmlns:xsi="http://www.w3.org/2001/XMLSchema-instance" xmlns:context="http://www.springframework.org/schema/context"
	xmlns:tx="http://www.springframework.org/schema/tx"
    xmlns:mvc="http://www.springframework.org/schema/mvc"
    xmlns:p="http://www.springframework.org/schema/p"
	xsi:schemaLocation="http://www.springframework.org/schema/beans
http://www.springframework.org/schema/beans/spring-beans-3.0.xsd
http://www.springframework.org/schema/context
http://www.springframework.org/schema/context/spring-context-3.0.xsd
http://www.springframework.org/schema/tx
http://www.springframework.org/schema/tx/spring-tx-3.0.xsd">
<!-- http://www.springframework.org/schema/mvc
http://www.springframework.org/schema/mvc/spring-mvc.xsd">  -->


   <!-- spring.jpa.properties.hibernate.enable_lazy_load_no_trans=true -->
    
    
	<context:annotation-config></context:annotation-config>
	<context:component-scan base-package="com"></context:component-scan>	
    

	<bean id="jspViewResolver"	class="org.springframework.web.servlet.view.InternalResourceViewResolver">
		<property name="viewClass"	value="org.springframework.web.servlet.view.JstlView" />
		<property name="prefix" value="/WEB-INF/jsp/" />
		<property name="suffix" value=".jsp" />
	</bean>
    
      <!-- Configuring the JDBC connection-->
  <bean id="dataSource" class="org.springframework.jdbc.datasource.DriverManagerDataSource">
        <property name="driverClassName" value="oracle.jdbc.driver.OracleDriver" />
		<property name="url" value="jdbc:oracle:thin:@localhost:1521:xe" />
		<property name="username" value="hr" />
		<property name="password" value="hr" />
   </bean>
  
  <!-- <bean id="jdbcTemplate" class="org.springframework.jdbc.core.JdbcTemplate">
		<property name="dataSource" ref="dataSource" />
  </bean> --> 
  <!-- EntityManagerFactory -->   
<bean id="entityManagerFactory" 
      class="org.springframework.orm.jpa.LocalContainerEntityManagerFactoryBean"
	  p:packagesToScan="com.model"
      p:dataSource-ref="dataSource"	>
	<property name="jpaVendorAdapter">
	   <bean class="org.springframework.orm.jpa.vendor.HibernateJpaVendorAdapter">
	   <!-- <property name="generateDdl" value="true" /> -->
	   <property name="showSql" value="true" />
    </bean>
 	</property>
</bean>
   
<!-- Transactions -->
<bean id="transactionManager" class="org.springframework.orm.jpa.JpaTransactionManager">
		<property name="entityManagerFactory" ref="entityManagerFactory" />
</bean>
<tx:annotation-driven transaction-manager="transactionManager" />
    
 
<bean id="multipartResolver" class="org.springframework.web.multipart.commons.CommonsMultipartResolver">
 <!-- setting maximum upload size -->
		<property name="maxUploadSize" value="10000000" />
 </bean>
 
 
</beans>